Alleged deployer of AI system,Alleged developer of AI system,weight
"[""youtube""]","[""youtube""]",1
"[""navya"",""keolis-north-america""]","[""navya"",""keolis-north-america""]",1
"[""uber""]","[""uber""]",1
"[""microsoft-research"",""boston-university""]","[""microsoft-research"",""google"",""boston-university""]",1
"[""hospitals"",""doctors""]","[""intuitive-surgical""]",1
"[""microsoft""]","[""microsoft""]",1
"[""starbucks""]","[""kronos""]",1
"[""northpointe""]","[""northpointe""]",1
"[""tesla""]","[""tesla""]",1
"[""volkswagen""]","[""volkswagen""]",1
"[""google""]","[""google""]",1
"[""google""]","[""google""]",1
"[""boeing""]","[""boeing""]",1
"[""google""]","[""google""]",1
"[""uber""]","[""uber""]",1
"[""google""]","[""google""]",1
"[""google""]","[""google""]",1
"[""google""]","[""google""]",1
"[""amazon""]","[""amazon""]",1
"[""wikipedia""]","[""wikipedia""]",1
"[""amazon""]","[""amazon""]",1
"[""new-york-city-dept.-of-education""]","[""new-york-city-dept.-of-education""]",1
"[""researchers""]","[""researchers""]",1
"[""google""]","[""google""]",1
"[""google"",""delphi-technologies""]","[""google"",""delphi-technologies""]",1
"[""amazon""]","[""amazon""]",1
"[""amazon""]","[""amazon""]",1
"[""usc-information-sciences-institute""]","[""usc-information-sciences-institute""]",1
"[""unknown""]","[""unknown""]",1
"[""linkedin""]","[""linkedin""]",1
"[""navinder-sarao"",""waddell-and-reed"",""barclays-capital""]","[""navinder-sarao"",""waddell-and-reed"",""barclays-capital""]",1
"[""university-of-washington"",""fakeapp""]","[""university-of-washington"",""fakeapp""]",1
"[""tesla""]","[""tesla""]",1
"[""mit-media-lab""]","[""mit-media-lab""]",1
"[""google""]","[""google""]",1
"[""frontier-development""]","[""frontier-development""]",1
"[""equivant""]","[""equivant""]",1
"[""delhi-metro-rail-corporation""]","[""unknown""]",1
"[""soviet-union""]","[""soviet-union""]",1
"[""united-states-government""]","[""united-states-government""]",1
"[""apple""]","[""apple""]",1
"[""new-zealand""]","[""new-zealand""]",1
"[""st-george's-hospital-medical-school""]","[""dr.-geoffrey-franglen""]",1
"[""apple""]","[""apple""]",1
"[""amazon""]","[""amazon""]",1
"[""nest-labs""]","[""nest-labs""]",1
"[""ningbo-traffic-police""]","[""ningbo-traffic-police""]",1
"[""national-resident-matching-program""]","[""national-resident-matching-program""]",1
"[""yandex""]","[""yandex""]",1
"[""individual-kaggle-competitors""]","[""individual-kaggle-competitors""]",1
"[""volvo""]","[""volvo""]",1
"[""google""]","[""google""]",1
"[""janelle-shane""]","[""janelle-shane""]",1
"[""stanford-shopping-center""]","[""knightscope""]",1
"[""google""]","[""google""]",1
"[""skh-metals""]","[""unknown""]",1
"[""youth-laboratories""]","[""youth-laboratories""]",1
"[""heriot-watt-university"",""margiotta""]","[""heriot-watt-university""]",1
"[""tesla"",""motorist""]","[""tesla""]",1
"[""faceapp""]","[""faceapp""]",1
"[""predpol"",""oakland-police-department""]","[""predpol""]",1
"[""knightscope""]","[""knightscope""]",1
"[""tesla""]","[""tesla""]",1
"[""google""]","[""google""]",1
"[""my_handy_design""]","[""my_handy_design""]",1
"[""australian-department-of-human-services""]","[""centrelink""]",1
"[""openai""]","[""openai""]",1
"[""the-dao""]","[""the-dao""]",1
"[""google""]","[""google""]",1
"[""amazon""]","[""amazon""]",1
"[""tencent-holdings""]","[""microsoft"",""turing-robot""]",1
"[""facebook""]","[""facebook""]",1
"[""facebook""]","[""facebook""]",1
"[""international-baccalaurette""]","[""international-baccalaurette""]",1
"[""google""]","[""google""]",1
"[""niantic-labs""]","[""niantic-labs""]",1
"[""google""]","[""google""]",1
"[""mount-sinai-hospitals""]","[""google"",""qure.ai"",""aidoc"",""darwinai""]",1
"[""irish-department-of-education-and-skills""]","[""irish-department-of-education-and-skills""]",1
"[""detroit-police-department""]","[""dataworks-plus""]",1
"[""hirevue""]","[""hirevue""]",1
"[""tesla""]","[""tesla""]",1
"[""new-york-city-police-department""]","[""boston-dynamics""]",1
"[""stanford-medical-center""]","[""stanford-medical-center""]",1
"[""buenos-aires-city-government""]","[""unknown""]",1
"[""youtube""]","[""youtube""]",1
"[""facebook""]","[""facebook""]",1
"[""facebook""]","[""facebook""]",1
"[""openai""]","[""openai""]",1
"[""knightscope""]","[""knightscope""]",1
"[""houston-independent-school-district""]","[""sas-institute""]",1
"[""inverness-caledonian-thistle-football-club""]","[""unknown""]",1
"[""gmail"",""outlook"",""yahoo"",""gmx"",""laposte""]","[""gmail"",""outlook"",""yahoo"",""gmx"",""laposte""]",1
"[""chronic-kidney-disease-epidemiology-collaboration""]","[""chronic-kidney-disease-epidemiology-collaboration""]",1
"[""uk-home-office""]","[""uk-home-office""]",1
"[""goldman-sachs""]","[""apple""]",1
"[""deliveroo""]","[""deliveroo""]",1
"[""amazon-flex""]","[""amazon""]",1
"[""california-department-of-public-health""]","[""blue-shield-of-california""]",1
"[""facebook-messenger""]","[""scatter-lab""]",1
"[""genderify""]","[""genderify""]",1
"[""tesla""]","[""tesla""]",1
"[""pimeyes""]","[""pimeyes""]",1
"[""dutch-tax-authority""]","[""unknown""]",1
"[""twitter""]","[""twitter""]",1
"[""troy-police-department"",""syracuse-police-department"",""san-francisco-police-department"",""san-antonio-police-department"",""new-york-city-police-department"",""fall-river-police-department"",""chicago-police-department""]","[""shotspotter""]",1
"[""french-welfare-offices""]","[""unknown""]",1
"[""amazon""]","[""netradyne""]",1
"[""unknown""]","[""murat-ayfer"",""openai""]",1
"[""arkansas-department-of-human-services""]","[""interrai""]",1
"[""riverside-arena-skating-rink""]","[""unknown""]",1
"[""amazon""]","[""amazon""]",1
"[""none""]","[""huawei"",""megvii"",""sensetime"",""alibaba"",""baibu""]",1
"[""xsolla""]","[""unknown""]",1
"[""university-of-massachusetts-amherst"",""university-of-wisconsin-milwaukee"",""university-of-houston"",""texas-aandm-university"",""georgia-state-university"",""more-than-500-colleges""]","[""eab""]",1
"[""tripoli-based-government""]","[""stm""]",1
"[""facebook""]","[""facebook""]",1
"[""facebook""]","[""facebook""]",1
"[""microsoft"",""ibm"",""google"",""apple"",""amazon""]","[""microsoft"",""ibm"",""google"",""apple"",""amazon""]",1
"[""openai""]","[""openai""]",1
"[""university-of-toronto""]","[""proctoru""]",1
"[""israeli-tax-authority""]","[""israeli-tax-authority""]",1
"[""accessibe"",""accessus.ai"",""allyable"",""userway"",""maxaccess.io""]","[""accessibe"",""accessus.ai"",""allyable"",""userway"",""maxaccess.io""]",1
"[""facebook""]","[""facebook""]",1
"[""california-bar's-committee-of-bar-examiners""]","[""examsoft""]",1
"[""tesla""]","[""tesla""]",1
"[""amazon""]","[""amazon""]",1
"[""university-of-illinois""]","[""proctorio""]",1
"[""tiktok""]","[""tiktok""]",1
"[""tiktok""]","[""tiktok""]",1
"[""facebook""]","[""facebook""]",1
"[""allen-institute-for-ai""]","[""allen-institute-for-ai""]",1
"[""youtube""]","[""youtube""]",1
"[""amazon""]","[""amazon""]",1
"[""softbank""]","[""aldebaran"",""softbank-robotics""]",1
"[""facebook""]","[""facebook""]",1
"[""facebook"",""linkedin"",""youtube"",""twitter"",""netflix""]","[""facebook"",""linkedin"",""youtube"",""twitter"",""netflix""]",1
"[""tiktok""]","[""tiktok""]",1
"[""tesla""]","[""tesla""]",1
"[""instagram""]","[""instagram""]",1
"[""fuzhou-zhongfang-marlboro-mall""]","[""unknown""]",1
"[""brand-safety-tech-firms""]","[""none""]",1
"[""university-of-texas-at-austin's-department-of-computer-science""]","[""university-of-texas-at-austin-researchers""]",1
"[""google-maps""]","[""google-maps""]",1
"[""bath-government""]","[""unknown""]",1
"[""pony.ai""]","[""pony.ai""]",1
"[""university-of-michigan-hospital""]","[""epic-systems""]",1
"[""amazon""]","[""amazon""]",1
"[""facebook"",""twitter""]","[""facebook"",""twitter""]",1
"[""amazon""]","[""amazon""]",1
"[""target""]","[""target""]",1
"[""amazon""]","[""amazon""]",1
"[""facebook"",""instagram""]","[""facebook"",""instagram""]",1
"[""scammers""]","[""unknown""]",1
"[""us-department-of-justice""]","[""us-department-of-justice""]",1
"[""duke-researchers""]","[""duke-researchers""]",1
"[""zillow""]","[""zillow-offers""]",1
"[""unnamed-large-academic-hospital""]","[""optum""]",1
"[""tesla""]","[""tesla""]",1
"[""michal-kosinski"",""yilun-wang""]","[""michal-kosinski"",""yilun-wang""]",1
"[""microsoft"",""msn.com""]","[""microsoft""]",1
"[""facebook""]","[""facebook""]",1
"[""ets""]","[""ets""]",1
"[""natural-cycles""]","[""natural-cycles""]",1
"[""facebook"",""meta""]","[""facebook"",""meta""]",1
"[""ocado""]","[""ocado""]",1
"[""tesla""]","[""tesla""]",1
"[""unknown""]","[""unknown""]",1
"[""oregon-state-university""]","[""starship-technologies""]",1
"[""companhia-do-metropolitano-de-sao-paulo""]","[""securos""]",1
"[""pasco-sheriff's-office""]","[""unknown""]",1
"[""facebook""]","[""facebook""]",1
"[""unknown""]","[""unknown""]",1
"[""malaysian-judiciary"",""malaysian-courts""]","[""sarawak-information-systems""]",1
"[""unnamed-australian-telecommunications-company""]","[""unknown""]",1
"[""tinder""]","[""tinder""]",1
"[""yoon-suk-yeol"",""yoon-suk-yeol's-campaign""]","[""unknown""]",1
"[""wechat""]","[""wechat""]",1
"[""cruise""]","[""cruise""]",1
"[""giggle""]","[""kairos""]",1
"[""cruise""]","[""cruise""]",1
"[""unknown""]","[""unknown""]",1
"[""uber""]","[""uber""]",1
"[""hackers""]","[""unknown""]",1
"[""cruise""]","[""cruise""]",1
"[""tesla""]","[""tesla""]",1
"[""airbnb""]","[""airbnb"",""trooly""]",1
"[""facebook""]","[""facebook""]",1
"[""scammers""]","[""unknown""]",1
"[""spanish-ministry-of-interior""]","[""spanish-secretary-of-state-for-security"",""spanish-ministry-of-interior""]",1
"[""tesla""]","[""tesla""]",1
"[""openai""]","[""openai""]",1
"[""appriss"",""narxcare"",""avertd""]","[""appriss""]",1
"[""google-docs""]","[""google-docs""]",1
"[""extinction-rebellion-belgium""]","[""unknown""]",1
"[""zhihu""]","[""sangfor-technologies""]",1
"[""lockport-city-school-district""]","[""sn-technologies""]",1
"[""evolver""]","[""evolver""]",1
"[""tesla""]","[""tesla""]",1
"[""target""]","[""fireeye""]",1
"[""tiktok""]","[""tiktok""]",1
"[""tesla""]","[""tesla""]",1
"[""facebook""]","[""facebook""]",1
"[""ever-ai""]","[""ever-ai""]",1
"[""bytedance""]","[""bytedance""]",1
"[""salta-city-government""]","[""microsoft""]",1
"[""naver""]","[""naver""]",1
"[""tesla""]","[""tesla""]",1
"[""ezemvelo-kzn-wildlife""]","[""unknown""]",1
"[""uk-department-of-work-and-pensions""]","[""uipath""]",1
"[""facebook""]","[""facebook""]",1
"[""estee-lauder""]","[""hirevue""]",1
"[""xpeng-motors""]","[""unknown""]",1
"[""pakistan-national-database-and-registration-authority""]","[""pakistan-national-database-and-registration-authority""]",1
"[""honolulu-police-department""]","[""boston-dynamics""]",1
"[""taxis-g7""]","[""tesla""]",1
"[""ai-addict""]","[""tesla""]",1
"[""individuals-in-the-donbass-region"",""individuals-in-russia"",""media-organizations-in-crimea""]","[""unknown""]",1
"[""ping-an""]","[""ping-an""]",1
"[""satria-technologies""]","[""openai""]",1
"[""hive-box""]","[""hive-box""]",1
"[""wechat-pay""]","[""wechat""]",1
"[""intensive-partnerships-for-effective-teaching""]","[""intensive-partnerships-for-effective-teaching""]",1
"[""jupiter-hospital"",""memorial-sloan-kettering""]","[""ibm-watson-health""]",1
"[""tesla""]","[""tesla""]",1
"[""chakan-plant-of-automotive-stampings-and-assemblies""]","[""unknown""]",1
"[""tesla""]","[""tesla""]",1
"[""prairie-village-police-department""]","[""unknown""]",1
"[""tesla""]","[""tesla""]",1
"[""contra-costa-county-sheriff""]","[""vigilant-solutions""]",1
"[""scammers""]","[""unknown""]",1
"[""github"",""programmers""]","[""github""]",1
"[""bharatiya-janata-yuva-morcha""]","[""persistent-systems""]",1
"[""waze""]","[""waze""]",1
"[""youtube""]","[""youtube""]",1
"[""aurora-police-department""]","[""unknown""]",1
"[""tumblr""]","[""tumblr""]",1
"[""apple""]","[""apple""]",1
"[""san-francisco-police-department""]","[""unknown""]",1
"[""waze""]","[""waze""]",1
"[""oregon-department-of-human-services""]","[""oregon-department-of-human-services""]",1
"[""waze""]","[""waze""]",1
"[""russian-chess-federation""]","[""unknown""]",1
"[""unknown""]","[""unknown""]",1
"[""tesla""]","[""tesla""]",1
"[""amazon""]","[""amazon""]",1
"[""faceapp""]","[""faceapp""]",1
"[""yannic-kilcher""]","[""yannic-kilcher""]",1
"[""chicago-police-department""]","[""shotspotter""]",1
"[""castricum-municipality""]","[""castricum-municipality""]",1
"[""the-good-guys"",""kmart"",""bunnings""]","[""unknown""]",1
"[""speedcam-anywhere""]","[""speedcam-anywhere""]",1
"[""grab""]","[""grab""]",1
"[""us-department-of-homeland-security"",""us-citizenship-and-immigration-services""]","[""us-citizenship-and-immigration-services""]",1
"[""society-for-the-prevention-of-cruelty-to-animals""]","[""knightscope""]",1
"[""apple""]","[""apple""]",1
"[""youtube"",""twitter"",""facebook""]","[""youtube"",""twitter"",""facebook""]",1
"[""chicago-police-department""]","[""shotspotter""]",1
"[""replika""]","[""replika""]",1
"[""cruise""]","[""cruise""]",1
"[""chinese-government""]","[""chinese-government""]",1
"[""google""]","[""google""]",1
"[""virginia-courts""]","[""virginia-department-of-criminal-justice-services""]",1
"[""clearview-ai""]","[""clearview-ai""]",1
"[""kansas-city-police-department"",""cleveland-division-of-police"",""chicago-police-department"",""atlanta-police-department""]","[""shotspotter""]",1
"[""none""]","[""axon-enterprise""]",1
"[""boris-dayma""]","[""boris-dayma"",""suraj-patil"",""pedro-cuenca"",""khalid-saifullah"",""tanishq-abraham"",""phuc-le-khac"",""luke-melas"",""ritobrata-ghosh""]",1
"[""youtube""]","[""youtube""]",1
"[""uber-eats""]","[""uber-eats""]",1
"[""meta""]","[""meta""]",1
"[""facebook""]","[""facebook""]",1
"[""google""]","[""google""]",1
"[""cruise""]","[""cruise""]",1
"[""facebook""]","[""facebook""]",1
"[""tesla""]","[""tesla""]",1
"[""none""]","[""openai"",""nabla""]",1
"[""new-york-police-department""]","[""unknown""]",1
"[""tesla""]","[""tesla""]",1
"[""uk-visas-and-immigration""]","[""uk-visas-and-immigration"",""uk-home-office""]",1
"[""apple""]","[""apple""]",1
"[""tiktok""]","[""tiktok""]",1
"[""tesla""]","[""tesla""]",1
"[""google""]","[""google""]",1
"[""amazon""]","[""amazon""]",1
"[""masayuki-nakamoto""]","[""unknown""]",1
"[""tesla""]","[""tesla""]",1
"[""spamouflage-dragon""]","[""unknown""]",1
"[""waymo""]","[""waymo""]",1
"[""serve-robotics""]","[""serve-robotics""]",1
"[""tesla""]","[""tesla""]",1
"[""coffee-meets-bagel""]","[""coffee-meets-bagel""]",1
"[""facebook""]","[""facebook""]",1
"[""facebook""]","[""facebook""]",1
"[""uber""]","[""uber""]",1
"[""youtube""]","[""youtube""]",1
"[""tesla""]","[""tesla""]",1
"[""henn-na-hotel""]","[""unknown""]",1
"[""facebook""]","[""facebook""]",1
"[""myinterview"",""curious-thing""]","[""myinterview"",""curious-thing""]",1
"[""youtube""]","[""youtube""]",1
"[""15.ai""]","[""15.ai""]",1
"[""honda""]","[""honda""]",1
"[""nissan""]","[""nissan""]",1
"[""smart-columbus""]","[""easymile""]",1
"[""facebook""]","[""facebook""]",1
"[""bucheon-city-government""]","[""unknown""]",1
"[""toronto-city-government""]","[""toronto-public-health""]",1
"[""twitter""]","[""twitter""]",1
"[""meta""]","[""meta""]",1
"[""tesla""]","[""tesla""]",1
"[""instagram""]","[""instagram""]",1
"[""tesla""]","[""tesla""]",1
"[""tiktok""]","[""tiktok""]",1
"[""apple""]","[""apple""]",1
"[""metropolitan-police-service""]","[""unknown""]",1
"[""facebook""]","[""facebook""]",1
"[""charlotte-mecklenburg-school-district""]","[""evolv-technology""]",1
"[""youtube""]","[""youtube""]",1
"[""facebook""]","[""facebook""]",1
"[""the-bl""]","[""unknown""]",1
"[""google""]","[""google""]",1
"[""students""]","[""sudowrite"",""openai""]",1
"[""facebook"",""instagram"",""twitter""]","[""facebook"",""instagram"",""twitter""]",1
"[""geisel-school-of-medicine""]","[""geisel-school-of-medicine's-technology-staff"",""canvas""]",1
"[""south-wales-police""]","[""nec""]",1
"[""tesla""]","[""tesla""]",1
"[""facebook""]","[""facebook""]",1
"[""yuen-ler-chow""]","[""yuen-ler-chow""]",1
"[""tiktok""]","[""tiktok""]",1
"[""sanas""]","[""sanas""]",1
"[""tesla""]","[""tesla""]",1
"[""stability-ai""]","[""stability-ai"",""runway"",""laion"",""eleutherai"",""compvis-lmu""]",1
"[""tesla""]","[""tesla""]",1
"[""boston-dynamics""]","[""boston-dynamics""]",1
"[""ntechlab""]","[""ntechlab""]",1
"[""amazon""]","[""amazon""]",1
"[""youtube""]","[""youtube""]",1
"[""facebook""]","[""facebook""]",1
"[""woodbridge-police-department""]","[""unknown""]",1
"[""starship-technologies""]","[""starship-technologies""]",1
"[""insurance-companies""]","[""ccc-information-services"",""tractable""]",1
"[""broward-college""]","[""honorlock""]",1
"[""uk-home-office""]","[""uk-home-office""]",1
"[""@tengazillioiniq""]","[""unknown""]",1
"[""uber""]","[""uber""]",1
"[""murat-ayfer""]","[""murat-ayfer"",""openai""]",1
"[""google""]","[""google""]",1
"[""tusimple""]","[""tusimple""]",1
"[""facebook""]","[""facebook""]",1
"[""google""]","[""google""]",1
"[""michigan-unemployment-insurance-agency""]","[""fast-enterprises"",""csg-government-solutions""]",1
"[""realpage""]","[""thoma-bravo"",""realpage"",""jeffrey-roper""]",1
"[""amazon""]","[""amazon""]",1
"[""weibo""]","[""weibo""]",1
"[""uber""]","[""uber""]",1
"[""tesla""]","[""tesla""]",1
"[""facebook""]","[""facebook""]",1
"[""google-home""]","[""google-home""]",1
"[""glovo""]","[""glovo""]",1
"[""uber""]","[""uber""]",1
"[""stephan-de-vries""]","[""openai"",""stephan-de-vries""]",1
"[""pepsi""]","[""d.g.-consultores""]",1
"[""google""]","[""google""]",1
"[""uber""]","[""uber""]",1
"[""rock-hill-schools"",""pinecrest-academy-horizon""]","[""sound-intelligence""]",1
"[""university-of-north-carolina-wilmington"",""karl-ricanek"",""gayathri-mahalingam""]","[""university-of-north-carolina-wilmington"",""karl-ricanek"",""gayathri-mahalingam""]",1
"[""schufa-holding-ag""]","[""schufa-holding-ag""]",1
"[""google""]","[""google""]",1
"[""kfc""]","[""kfc""]",1
"[""twitter""]","[""twitter""]",1
"[""finland-national-bureau-of-investigation""]","[""clearview-ai""]",1
"[""facebook""]","[""facebook""]",1
"[""meta-platforms"",""facebook""]","[""meta-platforms"",""facebook""]",1
"[""facebook""]","[""facebook""]",1
"[""uber""]","[""uber"",""azure-cognitive-services""]",1
"[""stability-ai"",""lensa-ai"",""midjourney"",""deviantart""]","[""stability-ai"",""runway"",""lensa-ai"",""laion"",""eleutherai"",""compvis-lmu""]",1
"[""unknown""]","[""unknown""]",1
"[""lensa-ai""]","[""stability-ai"",""runway"",""lensa-ai"",""laion"",""eleutherai"",""compvis-lmu""]",1
"[""canadian-universities""]","[""respondus-monitor"",""proctoru"",""proctortrack"",""proctorio"",""proctorexam"",""examity""]",1
"[""xpeng""]","[""xpeng""]",1
"[""cruise""]","[""cruise""]",1
"[""hsbc-uk""]","[""nuance-communications""]",1
"[""rochester-police-department""]","[""shotspotter""]",1
"[""madison-square-garden-entertainment""]","[""unknown""]",1
"[""southwest-airlines""]","[""general-electric""]",1
"[""chicago-police-department""]","[""chicago-police-department""]",1
"[""tesla""]","[""tesla""]",1
"[""coupang""]","[""coupang""]",1
"[""tesla""]","[""tesla""]",1
"[""amazon-india""]","[""amazon-india""]",1
"[""detroit-police-department""]","[""dataworks-plus""]",1
"[""korean-ministry-of-justice"",""korean-ministry-of-science-and-information-and-communication-technology""]","[""unnamed-korean-companies""]",1
"[""openai""]","[""openai""]",1
"[""us-air-force""]","[""raytheon"",""lockheed-martin""]",1
"[""durham-police-department""]","[""shotspotter""]",1
"[""vedal""]","[""vedal""]",1
"[""koko""]","[""openai""]",1
"[""openai""]","[""openai""]",1
"[""stability-ai""]","[""runway"",""laion"",""eleutherai"",""compvis-lmu"",""stability-ai""]",1
"[""megvii"",""microsoft""]","[""megvii"",""microsoft""]",1
"[""replika""]","[""replika""]",1
"[""cnet""]","[""unknown""]",1
"[""cruise""]","[""cruise""]",1
"[""apple""]","[""apple""]",1
"[""stability-ai"",""google""]","[""stability-ai"",""google"",""laion""]",1
"[""microsoft""]","[""openai"",""microsoft""]",1
"[""meta"",""linkedin"",""instagram"",""facebook""]","[""microsoft"",""google"",""amazon""]",1
"[""microsoft""]","[""openai"",""microsoft""]",1
"[""new-york-police-department""]","[""unknown""]",1
"[""microsoft""]","[""microsoft"",""openai""]",1
"[""mcdonald's""]","[""ibm""]",1
"[""walmart""]","[""everseen""]",1
"[""openai"",""google""]","[""openai"",""google""]",1
"[""the-israel-military""]","[""anyvision""]",1
"[""southern-co-op""]","[""hikvision""]",1
"[""ugandan-government""]","[""huawei""]",1
"[""facebook""]","[""facebook""]",1
"[""cadillac-fairview""]","[""unknown""]",1
"[""jason-allen""]","[""midjourney""]",1
"[""amazon""]","[""netradyne""]",1
"[""sit-acronis-autonomous""]","[""sit-acronis-autonomous""]",1
"[""uk-office-of-qualifications-and-examinations-regulation""]","[""uk-office-of-qualifications-and-examinations-regulation""]",1
"[""openai""]","[""openai""]",1
"[""edmonton-police-service""]","[""parabon-nanolabs""]",1
"[""the-government-in-bahia"",""bahia's-secretary-of-public-security""]","[""huawei""]",1
"[""unknown""]","[""unknown""]",1
"[""oracle""]","[""oracle""]",1
"[""youtube"",""twitch"",""tiktok"",""instagram""]","[""youtube"",""twitch"",""tiktok"",""instagram""]",1
"[""facebook""]","[""facebook""]",1
"[""facebook"",""instagram"",""twitter""]","[""facebook"",""instagram"",""twitter""]",1
"[""google""]","[""google""]",1
"[""krungthai-bank""]","[""krungthai-bank""]",1
"[""instagram""]","[""instagram""]",1
"[""amazon""]","[""amazon""]",1
"[""cruise""]","[""cruise""]",1
"[""tiktok""]","[""tiktok""]",1
"[""tesla""]","[""tesla""]",1
"[""meta-ai"",""meta"",""facebook""]","[""meta-ai"",""meta"",""facebook""]",1
"[""latitude""]","[""openai"",""latitude""]",1
"[""mcdonald's""]","[""mcd-tech-labs"",""apprente""]",1
"[""tiktok""]","[""tiktok""]",1
"[""facebook""]","[""facebook""]",1
"[""facebook""]","[""facebook""]",1
"[""facebook""]","[""facebook""]",1
"[""openai""]","[""openai""]",1
"[""facebook""]","[""facebook""]",1
"[""facebook""]","[""facebook""]",1
"[""openai""]","[""openai""]",1
"[""state-farm""]","[""state-farm""]",1
"[""apple""]","[""apple""]",1
"[""henan-government"",""henan-public-security-department""]","[""neusoft""]",1
"[""baton-rouge-police-department""]","[""morphotrak"",""clearview-ai""]",1
"[""us-navy""]","[""raytheon"",""lockheed-martin""]",1
"[""instagram""]","[""instagram""]",1
"[""openai"",""immunefi-users""]","[""openai""]",1
"[""twitter""]","[""twitter""]",1
"[""cnet""]","[""unknown""]",1
"[""frauke-zeller"",""david-harris""]","[""frauke-zeller"",""david-harris""]",1
"[""cruise""]","[""cruise""]",1
"[""internal-revenue-service""]","[""internal-revenue-service""]",1
"[""mismatch-media""]","[""stability-ai"",""openai""]",1
"[""openai""]","[""openai""]",1
"[""openai"",""edward-tian""]","[""openai"",""edward-tian""]",1
"[""google""]","[""google""]",1
"[""meta"",""facebook""]","[""meta"",""facebook""]",1
"[""replika""]","[""replika""]",1
"[""youtube""]","[""youtube""]",1
"[""microsoft""]","[""openai"",""microsoft""]",1
"[""tesla""]","[""tesla""]",1
"[""unknown""]","[""unknown""]",1
"[""vanderbilt-university""]","[""openai""]",1
"[""telangana-police"",""medak-police""]","[""unknown""]",1
"[""us-customs-and-border-protection""]","[""us-customs-and-border-protection""]",1
"[""joseph-cox"",""lloyds-bank""]","[""elevenlabs"",""lloyds-bank""]",1
"[""unknown""]","[""synthesia""]",1
"[""clarkesworld-story-submitters""]","[""openai""]",1
"[""unknown""]","[""unknown""]",1
"[""unknown""]","[""unknown""]",1
"[""unnamed-male-college-student""]","[""unknown""]",1
"[""eliot-higgins""]","[""midjourney""]",1
"[""allegheny-county""]","[""rhema-vaithianathan"",""emily-putnam-hornstein"",""centre-for-social-data-analytics""]",1
"[""microsoft""]","[""openai"",""microsoft""]",1
"[""chai""]","[""chai""]",1
"[""openai""]","[""openai""]",1
"[""openai""]","[""openai""]",1
"[""reddit-users"",""elevenlabs-users"",""4chan-users""]","[""elevenlabs""]",1
"[""eliot-higgins""]","[""midjourney""]",1
"[""microsoft""]","[""openai"",""microsoft""]",1
"[""openai""]","[""openai""]",1
"[""new-york-police-department"",""facial-identification-section""]","[""unknown""]",1
"[""starship-technologies""]","[""starship-technologies""]",1
"[""facebook""]","[""facebook""]",1
"[""australian-taxation-office"",""services-australia""]","[""centrelink""]",1
"[""torswats""]","[""unknown""]",1
"[""justine-hsu""]","[""tesla""]",1
"[""@ghostwriter""]","[""unknown""]",1
"[""uber"",""amazon""]","[""uber"",""amazon""]",1
"[""amazon""]","[""amazon""]",1
"[""stability-ai""]","[""stability-ai"",""runway"",""laion"",""eleutherai"",""compvis-lmu""]",1
"[""facebook"",""meta""]","[""facebook"",""meta""]",1
"[""scammers""]","[""unknown""]",1
"[""jared-mumm""]","[""openai""]",1
"[""unknown""]","[""unknown""]",1
"[""russia"",""vladimir-putin"",""recep-tayyip-erdogan""]","[""unknown""]",1
"[""opera""]","[""opera"",""openai""]",1
"[""tesla""]","[""tesla""]",1
"[""microsoft""]","[""openai"",""microsoft""]",1
"[""openai""]","[""openai""]",1
"[""amazon""]","[""amazon""]",1
"[""openai""]","[""openai""]",1
"[""openai""]","[""openai""]",1
"[""scammers""]","[""unknown""]",1
"[""chinese-government""]","[""unknown""]",1
"[""tiktok-user-@e.news.tv"",""tiktok-user-@d.news.tv"",""tiktok-user-@drphilshowtv"",""tiktok-user-@ynewstv2023"",""tiktok-users""]","[""elevenlabs""]",1
"[""replika"",""jaswant-singh-chail""]","[""replika""]",1
"[""meta""]","[""meta""]",1
"[""microsoft""]","[""microsoft's-ai-research-division""]",1
"[""unknown""]","[""unknown""]",1
"[""go-media""]","[""openai"",""google""]",1
"[""individual-developers-or-creators-using-meta's-llama-model""]","[""meta""]",1
"[""dall-e""]","[""openai""]",1
"[""university-of-pennsylvania-health-system""]","[""unknown""]",1
"[""meta"",""instagram""]","[""meta"",""instagram""]",1
"[""edmodo""]","[""edmodo""]",1
"[""google"",""apple"",""amazon"",""microsoft""]","[""google"",""apple"",""amazon"",""microsoft""]",1
"[""inkstall"",""marie-karpos""]","[""openai"",""chatgpt""]",1
"[""cigna""]","[""cigna""]",1
"[""detroit-police-department""]","[""unknown""]",1
"[""playground-ai""]","[""playground-ai""]",1
"[""pak-'n'-save""]","[""pak-'n'-save""]",1
"[""cruise""]","[""cruise""]",1
"[""cruise""]","[""cruise""]",1
"[""unnamed-male-students""]","[""developers-of-clothoff""]",1
"[""unnamed-south-gyeongsang-province-produce-distribution-center""]","[""unknown""]",1
"[""unnamed-south-korean-man""]","[""unknown""]",1
"[""david-tatum""]","[""unknown""]",1
"[""unknown""]","[""unknown""]",1
"[""unknown""]","[""unknown""]",1
"[""unitedhealthcare""]","[""navihealth""]",1
"[""various-british-government-offices"",""home-office"",""department-for-work-and-pensions"",""british-government""]","[""home-office"",""department-for-work-and-pensions"",""british-government""]",1
"[""unnamed-male-student""]","[""unknown""]",1
"[""federal-navy-credit-union""]","[""unknown-developer-of-automated-underwriting-technology""]",1
"[""rite-aid""]","[""unnamed""]",1
"[""windows-paint"",""microsoft"",""bing-users"",""bing"",""ai-image-creator""]","[""microsoft""]",1
"[""general-motors"",""chevrolet-of-watsonville"",""chatgpt""]","[""openai"",""general-motors"",""fullpath""]",1
"[""amazon-sellers""]","[""openai"",""chatgpt""]",1
"[""will-sasso"",""dudesy"",""chad-kultgen""]","[""unnamed"",""dudesy""]",1
"[""shein"",""chris-xu""]","[""shein""]",1
"[""users-in-a-telegram-group"",""users-on-x""]","[""microsoft-designer"",""various-ai-image-generators""]",1
"[""nine-network""]","[""adobe""]",1
"[""variety-of-youtube-content-creators""]","[""unknown-generative-ai-tools-creators"",""unknown-ai-text-to-speech-technology-developers""]",1
"[""replika"",""chai"",""romantic-ai"",""eva-ai-chat-bot-and-soulmate"",""crushon.ai"",""genesia-ai-friend-and-partner""]","[""replika"",""chai"",""romantic-ai"",""eva-ai-chat-bot-and-soulmate"",""crushon.ai"",""genesia-ai-friend-and-partner""]",1
"[""air-canada""]","[""air-canada""]",1
"[""waymo""]","[""waymo"",""alphabet""]",1
"[""x-(twitter)"",""unnamed-deepfake-creators""]","[""unnamed-deepfake-creators""]",1
"[""openai""]","[""openai""]",1
"[""vkontakte"",""russian-media-outlets"",""pro-russian-telegram-channels""]","[""unknown-deepfake-creator""]",1
"[""waymo""]","[""waymo""]",1
"[""unnamed-middle-school-students""]","[""unknown-deepfake-creator""]",1
"[""unknown""]","[""unknown""]",1
"[""@mikesmithtrainer""]","[""unknown""]",1
"[""spamouflage-dragon""]","[""synthesia""]",1
"[""unknown""]","[""elevenlabs""]",1
"[""workday""]","[""workday""]",1
"[""replika""]","[""replika""]",1
"[""facemega""]","[""facemega""]",1
"[""unnamed-high-school-students""]","[""unknown""]",1
"[""donotpay""]","[""donotpay""]",1
"[""openai"",""gpt-4-researchers""]","[""openai""]",1
"[""unknown""]","[""unknown""]",1
"[""security-health-plan"",""navihealth""]","[""navihealth""]",1
"[""microsoft""]","[""openai"",""microsoft""]",1
"[""scammers""]","[""unknown""]",1
"[""turnitin""]","[""turnitin""]",1
"[""jefferson-parish-sheriff's-office""]","[""clearview-ai""]",1
"[""openai""]","[""openai""]",1
"[""new-york-police-department""]","[""unknown""]",1
"[""amazon-fresh""]","[""amazon-fresh""]",1
"[""irobot""]","[""irobot""]",1
"[""telegram-channels""]","[""alberto"",""telegram-channels""]",1
"[""transportation-security-administration""]","[""l3harris-technologies""]",1
"[""us-citizenship-and-immigration-services""]","[""unknown""]",1
"[""tesla""]","[""tesla""]",1
"[""mount-sinai-hospital"",""unknown""]","[""icahn-school-of-medicine-researchers"",""unknown""]",1
"[""new-jersey-transit""]","[""national-weather-service""]",1
"[""snapchat""]","[""snapchat"",""openai""]",1
"[""tesla""]","[""tesla""]",1
"[""steven-a.-schwartz"",""peter-loduca""]","[""openai""]",1
"[""national-eating-disorders-association"",""cass""]","[""cass""]",1
"[""national-aid-fund""]","[""the-world-bank"",""unicef"",""world-food-programme""]",1
"[""ron-desantis's-presidential-campaign""]","[""unknown""]",1
"[""wendy's"",""mcdonald's"",""hardee's""]","[""wendy's"",""mcdonald's"",""hardee's""]",1
"[""blackmailers"",""sextortionists"",""scammers""]","[""unknown-deepfake-technology-developers""]",1
"[""google""]","[""google""]",1
"[""google""]","[""google""]",1
"[""miami-police-department""]","[""clearview-ai""]",1
"[""new-york-city-police-department""]","[""clearview-ai""]",1
"[""tesla""]","[""tesla""]",1
"[""openai""]","[""openai""]",1
"[""cruise""]","[""cruise""]",1
"[""gannett""]","[""ledeai""]",1
"[""unknown-hacker""]","[""unknown""]",1
"[""unspecified-university""]","[""turnitin""]",1
"[""unknown""]","[""unknown""]",1
"[""meta"",""instagram""]","[""picso-ai""]",1
"[""red-ventures"",""bankrate""]","[""red-ventures"",""bankrate""]",1
"[""meta""]","[""meta""]",1
"[""google""]","[""google""]",1
"[""transaction-cloud"",""public-mirror"",""pimeyes"",""lukasz-kowalczyk"",""giorgi-gobronidze"",""face-recognition-solutions"",""emea-robotics"",""does-125"",""denis-tatina"",""carribex""]","[""transaction-cloud"",""public-mirror"",""pimeyes"",""lukasz-kowalczyk"",""giorgi-gobronidze"",""face-recognition-solutions"",""emea-robotics"",""does-1-25"",""denis-tatina"",""carribex""]",1
"[""structura-national-technologies"",""social-design-agency"",""oleg-yasinsky"",""oleg-yasinskiy"",""nikolay-tupikin"",""institute-for-internet-development"",""ilya-gambashidze"",""andrey-perla""]","[""unknown""]",1
"[""new-south-wales-government"",""australian-federal-government""]","[""unspecified""]",1
"[""many"",""maria-spanadoris"",""adesh-ingale"",""getintoknowledge.com"",""famadillo.com"",""bestbudgetusa.com"",""harmonyhustle.com"",""historyfact.in"",""countylocalnews.com"",""tnewsnetwork.com"",""wavefunction.info"",""celebritiesdeaths.com"",""scoopearth.com"",""filthylucre.com""]","[""unknown"",""unnamed""]",1
"[""jefferson-parish-sheriff's-office""]","[""unknown""]",1
"[""unknown""]","[""unknown""]",1
"[""russian-government"",""fsb"",""federal-security-service""]","[""russian-government""]",1
"[""state-governments"",""idaho-state-government"",""arkansas-state-government"",""washington-dc-government"",""pennsylvania-state-government"",""iowa-state-government"",""missouri-state-government""]","[""brant-fries"",""state-governments""]",1
"[""steven-larouche""]","[""unnamed-deepfake-technology-developers""]",1
"[""google""]","[""google"",""chatgpt""]",1
"[""unnamed-perpetrators-in-almendralejo""]","[""unknown""]",1
"[""microsoft""]","[""microsoft""]",1
"[""adobe-stock""]","[""various-ai-image-generators""]",1
"[""james-guthrie""]","[""google-bard""]",1
"[""zachariah-crabill""]","[""openai"",""chatgpt""]",1
"[""the-arena-group"",""sports-illustrated""]","[""unknown""]",1
"[""tesla""]","[""tesla""]",1
"[""michael-cohen"",""david-m.-schwartz""]","[""google-bard"",""google""]",1
"[""various-people"",""various-organizations""]","[""laion""]",1
"[""unknown-scammers""]","[""unknown-deepfake-technology-developers""]",1
"[""unknown""]","[""unknown""]",1
"[""macy's""]","[""unknown"",""macy's""]",1
"[""dpd""]","[""dpd""]",1
"[""unknown-deepfake-technology-developers""]","[""unknown-deepfake-technology-developers""]",1
"[""chicago-police-department""]","[""soundthinking"",""shotspotter""]",1
"[""hans-von-ohain""]","[""tesla""]",1
"[""north-korean-hackers"",""iranian-hackers"",""russian-hackers"",""chinese-hackers""]","[""north-korean-government"",""iranian-government"",""russian-government"",""chinese-government""]",1
"[""google"",""gemini""]","[""google""]",1
"[""snapchat""]","[""snapchat""]",1
"[""unknown-social-media-accounts""]","[""unknown""]",1
"[""various-social-media-accounts""]","[""unknown""]",1
"[""various-social-media-accounts"",""trump-supporters""]","[""various-social-media-accounts"",""trump-supporters""]",1
"[""two-unnamed-middle-school-boys""]","[""two-unnamed-middle-school-boys""]",1
"[""global-predictions-inc."",""delphia-(usa)-inc.""]","[""global-predictions-inc."",""delphia-(usa)-inc.""]",1
"[""russian-state-media"",""ntv-channel""]","[""russian-state-media"",""ntv-channel""]",1
"[""openai""]","[""openai""]",1
"[""unit-8200"",""israeli-military-intelligence"",""israeli-government""]","[""google-photos"",""corsight""]",1
"[""deepfake-website-operators""]","[""unknown-deepfake-technology-developers""]",1
"[""storm-1376"",""spamouflage"",""dragonbridge"",""chinese-communist-party""]","[""storm-1376"",""spamouflage"",""dragonbridge"",""chinese-communist-party""]",1
"[""foodstuffs"",""new-world-westend""]","[""foodstuffs""]",1
"[""unknown-deepfake-creator"",""russian-propagandists""]","[""unknown-deepfake-creator"",""russian-propagandists""]",1
"[""golkar-party""]","[""golkar-party""]",1
"[""pakistani-political-parties"",""misinformation-networks""]","[""unknown-deepfake-creator"",""pakistani-political-parties"",""misinformation-networks""]",1
"[""unit-8200"",""israel-defense-forces""]","[""unit-8200"",""israel-defense-forces""]",1
"[""unknown-political-operatives"",""unknown-political-groups""]","[""unknown-political-operatives"",""unknown-political-groups""]",1
"[""unknown""]","[""unknown""]",1
"[""microsoft""]","[""microsoft""]",1
"[""meta"",""facebook"",""scammers""]","[""meta"",""facebook""]",1
"[""the-arizona-agenda"",""hank-stephenson""]","[""the-arizona-agenda"",""hank-stephenson""]",1
"[""telegram-community-users"",""reddit-users"",""leonardo-ai-users""]","[""leonardo-ai""]",1
"[""washington-state's-lottery""]","[""washington-state's-lottery""]",1
"[""lincoln-project""]","[""lincoln-project""]",1
"[""people's-liberation-army"",""chinese-communist-party"",""base-311""]","[""people's-liberation-army"",""chinese-communist-party"",""base-311""]",1
"[""political-candidates-of-the-2024-lok-sabha-elections""]","[""the-indian-deepfaker"",""the-digital-publicity"",""rohit-pal"",""obiyan-infotech"",""merakii-group""]",1
"[""dravida-munnetra-kazhagam"",""dmk"",""various-indian-political-parties""]","[""muonium"",""the-indian-deepfaker""]",1
"[""russian-government"",""political-operatives"",""political-consultants"",""chinese-communist-party""]","[""unknown-deepfake-creators"",""openai"",""google""]",1
"[""dazhon-darien""]","[""unknown-deepfake-technology-developer""]",1
"[""tiktok-users"",""julia-munslow"",""chatgpt"",""gpt-3.5"",""gpt-4"",""perplexity-ai""]","[""openai"",""perplexity.ai""]",1
"[""chatgpt""]","[""openai""]",1
"[""unnamed-deepfake-creator"",""tiktok"",""twitter""]","[""unnamed-deepfake-creator""]",1
"[""copycop"",""russia-linked-network""]","[""openai"",""chatgpt""]",1
"[""ron-desantis's-presidential-campaign"",""never-back-down""]","[""never-back-down""]",1
"[""patrick-ruffini""]","[""unknown-deepfake-creator""]",1
"[""unknown-scammers""]","[""heygen"",""elevenlabs""]",1
"[""google"",""google-books""]","[""google""]",1
"[""who"",""s.a.r.a.h.-(smart-ai-resource-assistant-for-health)""]","[""who""]",1
"[""meta""]","[""meta""]",1
"[""pornhub"",""various-porn-sites""]","[""unknown-deepfake-creators""]",1
"[""sky-voice-assistant"",""sam-altman"",""openai""]","[""sam-altman"",""openai""]",1
"[""steven-anderegg""]","[""stable-diffusion"",""stability-ai""]",1
"[""isis"",""isis-supporters""]","[""openai"",""elevenlabs""]",1
"[""home-bargains""]","[""facewatch""]",1
"[""metropolitan-police-service""]","[""metropolitan-police-service""]",1
"[""google""]","[""google""]",1
"[""republican-national-committee-(rnc)""]","[""unknown-deepfake-creator""]",1
"[""donald-trump-presidential-campaign""]","[""unknown-deepfake-creators""]",1
"[""meta"",""facebook""]","[""meta"",""facebook""]",1
"[""unknown-deepfake-creator""]","[""unknown-deepfake-technology-developer""]",1
"[""c3pmeme""]","[""unknown-deepfake-technology-developer""]",1
"[""department-of-veterans-affairs-(va)""]","[""department-of-veterans-affairs-(va)""]",1
"[""meta""]","[""meta""]",1
"[""john-mark-dougan""]","[""openai""]",1
"[""russian-government""]","[""unknown-deepfake-creators""]",1
"[""unknown-deepfake-creators""]","[""unknown-deepfake-technology-developer""]",1
"[""legal-professionals"",""law-firms"",""organizations-requiring-legal-research""]","[""thomson-reuters"",""lexisnexis""]",1
"[""turkish-student-identified-as-mee""]","[""openai""]",1
"[""unknown-scammers""]","[""openai"",""unknown-ai-developers""]",1
"[""unnamed-tesla-driver""]","[""tesla""]",1
"[""judiciary-of-italy""]","[""unnamed-automated-transcription-software-developer""]",1
"[""unnamed-manchester-litigant""]","[""openai""]",1
"[""meta""]","[""meta""]",1
"[""tesla"",""tesla-drivers""]","[""tesla""]",1
"[""meta""]","[""meta"",""facebook-users""]",1
"[""jack-posobiec"",""@thepatriotoasis""]","[""unknown-deepfake-technology-developer""]",1
"[""new-york-city-government"",""eric-adams-administration""]","[""microsoft"",""new-york-city-office-of-technology-and-innovation""]",1
"[""unknown-scammers""]","[""unknown-deepfake-creators"",""unknown-scammers""]",1
"[""brookdale-senior-living""]","[""brookdale-senior-living""]",1
"[""unknown-scammers"",""commonwealth-legal""]","[""unknown-deepfake-creators""]",1
"[""openai"",""meta"",""google""]","[""openai"",""meta"",""google""]",1
"[""x-(twitter)""]","[""x-(twitter)""]",1
"[""chicago-lakefront-news""]","[""unknown-deepfake-creators""]",1
"[""fraudsters"",""financial-aid-scammers""]","[""unknown-spambot-creators"",""scammers""]",1
"[""catholic-answers""]","[""catholic-answers""]",1
"[""meta"",""instagram""]","[""meta""]",1
"[""fake-publications"",""auricle-global-society-of-education-and-research"",""addleton-academic-publishers""]","[""fake-publications"",""auricle-global-society-of-education-and-research"",""addleton-academic-publishers""]",1
"[""cartels"",""organized-crime-groups"",""jalisco-new-generation-cartel""]","[""unknown-ai-developers""]",1
"[""cruise""]","[""cruise""]",1
"[""valery-korovin"",""storm-1516"",""internet-research-agency-veterans"",""center-for-geopolitical-expertise""]","[""valery-korovin"",""storm-1516"",""internet-research-agency-veterans"",""center-for-geopolitical-expertise""]",1
"[""lovo""]","[""lovo""]",1
"[""openai"",""gpt-4o""]","[""openai""]",1
"[""bharatiya-janata-party-(bjp)"",""indian-national-congress-(inc)"",""prem-singh-tamang"",""y.-s.-jagan-mohan-reddy"",""ram-chandra-choudhary""]","[""divyendra-singh-jadoun"",""polymath-synthetic-media-solutions"",""sagar-vishnoi"",""itoconnect"",""indiaspeaks-research-lab"",""sumit-savara""]",1
"[""developers-using-ai-generated-suggestions"",""bar-lanyado""]","[""bar-lanyado""]",1
"[""openai"",""whisper"",""companies-using-whisper"",""organizations-integrating-whisper-into-customer-service-systems""]","[""openai""]",1
"[""usaa"",""toyota"",""progressive"",""myradar"",""life360"",""general-motors"",""geico"",""csaa"",""connected-analytic-services"",""arity"",""allstate""]","[""myradar"",""life360"",""connected-analytic-services"",""arity""]",1
"[""you.com"",""xai"",""perplexity"",""openai"",""mistral"",""microsoft"",""meta"",""john-mark-dougan"",""inflection"",""google"",""anthropic""]","[""you.com"",""xai"",""perplexity"",""openai"",""mistral"",""microsoft"",""meta"",""inflection"",""google"",""anthropic""]",1
"[""unknown-scammers""]","[""ai-tool-creators"",""openai""]",1
"[""cybercriminals"",""badgpt"",""xxxgpt"",""evil-gpt"",""wormgpt"",""fraudgpt"",""blackhatgpt"",""escapegpt"",""darkgpt"",""wolfgpt""]","[""openai""]",1
"[""unknown-tiktok-user""]","[""unknown-deepfake-creators""]",1
"[""department-for-work-and-pensions-(dwp)""]","[""department-for-work-and-pensions-(dwp)""]",1
"[""unknown-scammers"",""unknown-deepfake-creator""]","[""unknown-deepfake-technology-developer""]",1
"[""department-for-work-and-pensions-(dwp)""]","[""department-for-work-and-pensions-(dwp)""]",1
"[""unknown-deepfake-creators""]","[""unknown-deepfake-creators""]",1
"[""x-(twitter)"",""elon-musk""]","[""xai""]",1
"[""google"",""gemini""]","[""google""]",1
"[""cios"",""enterprise-teams"",""companies-in-general""]","[""microsoft"",""google""]",1
"[""figma""]","[""figma""]",1
"[""volkswagen-group-of-america""]","[""volkswagen-group-of-america""]",1
"[""spanish-law-enforcement-agencies"",""spanish-interior-ministry""]","[""viogen-algorithm-development-team"",""spanish-law-enforcement-agencies"",""spanish-interior-ministry""]",1
"[""paypal""]","[""paypal""]",1
"[""hoodline""]","[""hoodline""]",1
"[""perplexity"",""openai"",""meta"",""google""]","[""perplexity"",""openai"",""meta"",""google""]",1
"[""openai""]","[""openai""]",1
"[""obitsupdate"",""bnn"",""the-thaiger"",""fresherslive""]","[""unknown""]",1
"[""bnn-breaking""]","[""epiphany-ai"",""gurbaksh-chahal""]",1
"[""unknown-deepfake-creators""]","[""unknown-deepfake-creators""]",1
"[""verite-cachee-france"",""pro-russian-influencers"",""russian-linked-disinformation-network""]","[""unknown-deepfake-creators""]",1
"[""x-(twitter)"",""elon-musk"",""@mrreaganusa""]","[""unknown-deepfake-technology-developer""]",1
"[""openai""]","[""openai""]",1
"[""meta-platforms"",""instagram"",""facebook""]","[""meta-platforms""]",1
"[""unknown-deepfake-creators""]","[""unknown-deepfake-technology-developers""]",1
"[""xai"",""x-(twitter)""]","[""xai""]",1
"[""unknown-tiktok-users-from-china"",""unknown-tiktok-users-from-iran"",""unknown-tiktok-users-from-nigeria"",""unknown-tiktok-users-from-vietnam""]","[""tiktok""]",1
"[""xai""]","[""x-(twitter)"",""xai""]",1
"[""xai""]","[""xai""]",1
"[""aaron-pelczar""]","[""unnamed-ai-chatbot""]",1
"[""unnamed-deepfake-creators""]","[""unknown-deepfake-technology-developer""]",1
"[""donald-trump""]","[""unknown-deepfake-creator""]",1
"[""donald-trump""]","[""unknown-image-generator""]",1
"[""samsung-engineers""]","[""openai""]",1
"[""unknown-deepfake-creators""]","[""unknown-deepfake-technology-developers""]",1
"[""microsoft"",""microsoft-copilot""]","[""microsoft""]",1
"[""unknown-deepfake-creators""]","[""stanford-university"",""max-planck-institute"",""university-of-erlangen-nuremberg"",""face2face"",""faceapp"",""zao""]",1
"[""unknown-deepfake-creators""]","[""unknown-deepfake-technology-developers""]",1
"[""charlotte-ingham"",""western-australia-department-of-justice""]","[""microsoft""]",1
"[""zeno-zeno"",""spamouflage"",""russian-government"",""israeli-government"",""iranian-government"",""international-union-of-virtual-media"",""doppelganger"",""chinese-government""]","[""openai""]",1
"[""xai"",""x-(twitter)"",""elon-musk""]","[""xai""]",1
"[""lionsgate"",""eddie-egan""]","[""unknown-chatbot-developer""]",1
"[""unnamed-deepfake-creators""]","[""unnamed-deepfake-technology-developers""]",1
"[""alexa-device-owners""]","[""amazon""]",1
"[""michael-smith""]","[""unknown-ai-music-company""]",1
"[""unknown-ai-developers""]","[""seth-herrera""]",1
"[""clearview-ai""]","[""clearview-ai""]",1
"[""unknown-deepfake-creators"",""extortionists""]","[""unknown-deepfake-creators""]",1
"[""unknown-deepfake-creators"",""unknown-scammers""]","[""unknown-deepfake-creators""]",1
"[""unknown-dark-web-users"",""unknown-deepfake-creators""]","[""unknown-ai-developers"",""unknown-deepfake-creators""]",1
"[""espn"",""espn-generative-ai-services""]","[""espn"",""espn-generative-ai-services""]",1
"[""unknown-deepfake-creators"",""scammers""]","[""unknown-deepfake-technology-developers""]",1
"[""onlyfake""]","[""onlyfake""]",1
"[""meta-platforms"",""instagram""]","[""meta-platforms"",""instagram""]",1
"[""meta"",""facebook""]","[""meta"",""facebook""]",1
"[""tiktok""]","[""tiktok""]",1
"[""google"",""ai-overview""]","[""google""]",1
"[""drake""]","[""unknown-deepfake-technology-developer""]",1
"[""los-angeles-unified-school-district-(lausd)"",""allhere"",""alberto-carvalho""]","[""allhere""]",1
"[""waymo""]","[""waymo""]",1
"[""unknown-deepfake-creators"",""unknown-scammers""]","[""unknown-deepfake-technology-developers""]",1
"[""meta"",""facebook""]","[""meta"",""facebook""]",1
"[""unnamed-adolescent-male"",""instagram-users"",""snapchat-users""]","[""unknown-deepfake-technology-developer""]",1
"[""australian-students"",""unknown-deepfake-creators""]","[""undress-ai"",""unknown-deepfake-technology-developers""]",1
"[""unnamed-male-student""]","[""unknown-deepfake-technology-developer""]",1
"[""unknown-scammers"",""unknown-deepfake-creators""]","[""unknown-deepfake-technology-developers""]",1
"[""unknown-deepfake-detection-technology-developers"",""true-media"",""reality-defender""]","[""unknown-deepfake-detection-technology-developers"",""true-media"",""reality-defender""]",1
"[""unknown-deepfake-creator"",""unknown-scammers""]","[""unknown-deepfake-technology-developer""]",1
"[""meta"",""facebook""]","[""meta"",""facebook""]",1
"[""true-crime-case-files-youtube-channel""]","[""unknown-deepfake-technology-developers""]",1
"[""unknown-deepfake-creator""]","[""unknown-deepfake-technology-creator""]",1
"[""hu-mouyun"",""hu-mouliang"",""zhang-mouguo"",""wu-mouhao""]","[""unknown-deepfake-detection-technology-developers""]",1
"[""department-of-families-fairness-and-housing"",""government-of-victoria"",""employee-of-department-of-families-fairness-and-housing""]","[""openai""]",1
"[""nevada-department-of-education""]","[""infinite-campus""]",1
"[""unknown-deepfake-creators""]","[""unknown-deepfake-technology-developers""]",1
"[""unknown-ai-developers""]","[""pro-nazi-tiktok-accounts""]",1
"[""alex-bilzerian"",""unnamed-venture-capital-investors"",""employees"",""employers"",""companies"",""organizations""]","[""otter.ai"",""zoom""]",1
"[""unknown-deepfake-creators""]","[""unknown-deepfake-technology-developers""]",1
"[""starship-technologies""]","[""starship-technologies""]",1
"[""character.ai""]","[""character.ai""]",1
"[""police-departments"",""evansville-pd"",""pflugerville-pd"",""jefferson-parish-sheriff's-office"",""miami-pd"",""west-new-york-pd"",""nypd"",""coral-springs-pd"",""arvada-pd""]","[""clearview-ai""]",1
"[""west-new-york-pd"",""nypd"",""real-time-crime-center""]","[""clearview-ai""]",1
"[""unknown-deepfake-creators"",""partisan-social-media-influencers""]","[""unknown-deepfake-technology-developers""]",1
"[""unknown-deepfake-creators"",""scammers""]","[""unknown-deepfake-technology-developer""]",1
"[""prokyc""]","[""prokyc""]",1
"[""unknown-conference-employee""]","[""unknown-developer""]",1
"[""baidu""]","[""baidu""]",1
"[""caisse-nationale-des-allocations-familiales-(cnaf)""]","[""government-of-france""]",1
"[""global-intelligence"",""cybercheck""]","[""global-intelligence"",""cybercheck""]",1
"[""anonymous-x-user""]","[""unknown-deepfake-technology-developer""]",1
"[""hoodline-san-jose""]","[""impress3""]",1
"[""sewell-setzer-iii""]","[""noam-shazeer"",""daniel-de-freitas"",""character.ai""]",1
"[""openai""]","[""openai""]",1
"[""santo-y-sena"",""canal-4""]","[""unknown-deepfake-technology-developer""]",1
"[""government-of-argentina"",""government-of-buenos-aires"",""argentinean-ministry-of-security""]","[""government-of-argentina""]",1
"[""zara"",""pemex"",""lvmh"",""capita"",""companies-using-ai-based-accessibility-tools""]","[""equalweb"",""userway"",""developers-of-ai-based-accessibility-tools""]",1
"[""new-york-city-government""]","[""evolv-technology""]",1
"[""unknown-youtube-user"",""unknown-x-(twitter)-user"",""unknown-tiktok-user"",""the_real_cool_dad""]","[""unknown-deepfake-technology-creators""]",1
"[""off-radio-krakow"",""mariusz-marcin-pulit""]","[""openai"",""elevenlabs"",""leonardo-ai""]",1
"[""zeng-moumou"",""wang-mouhe"",""unknown-deepfake-creators"",""tang-mou"",""scammers"",""fraudsters"",""bai-moumou"",""ai-fraud-rings-in-china"",""""]","[""unknown-voice-synthesis-technology-developers"",""unknown-game-cheating-technology-developers"",""unknown-deepfake-technology-developers""]",1
"[""yang-moumou"",""tian-mou"",""lou-moumou""]","[""unknown-deepfake-technology-developer"",""unknown-ai-developers""]",1
"[""zhu-mou"",""zhou-moumou"",""zhang-moumou"",""yang-moumou"",""wang-mou"",""shang-moumou"",""luo-moumou"",""liu-mou"",""ji-moumou"",""chen-mou""]","[""unknown-deepfake-technology-developers"",""unknown-ai-developers""]",1
"[""anonymous-x-user"",""james-woods""]","[""unknown-ai-developers""]",1
"[""microsoft-copilot"",""microsoft""]","[""microsoft""]",1
"[""unknown-scammers""]","[""unknown-scammers""]",1
"[""russia-backed-influencers"",""maria-zakharova"",""ilan-shor"",""government-of-russia""]","[""unknown-ai-developers""]",1
"[""government-of-russia"",""pro-russian-influencers"",""anti-european-union-influencers""]","[""unknown-ai-developers"",""unknown-deepfake-technology-developer""]",1
"[""ecovacs-deebot-x2"",""ecovacs""]","[""ecovacs""]",1
"[""hingham-high-school-students"",""hingham-high-school-student-rnh""]","[""grammarly""]",1
"[""landlords""]","[""saferent-solutions""]",1
"[""gemini""]","[""google""]",1
"[""national-party-of-honduras-supporters"",""juan-orlando-hernandez-supporters"",""unknown-twitter-users"",""unknown-facebook-users""]","[""x-(twitter)"",""meta"",""facebook""]",1
"[""saint-petersburg-government""]","[""uraltransmash"",""ai-cognitive-technologies""]",1
"[""unnamed-18-year-old-manuel-belgrano-male-student""]","[""unknown-deepfake-technology-creators""]",1
"[""central-methodist-university"",""berkeley-college"",""universities"",""colleges""]","[""turnitin"",""gptzero"",""copyleaks""]",1
"[""character.ai-users"",""@sunsetbaneberry983"",""@jasperhorehound160""]","[""character.ai""]",1
"[""unidentified-scammers"",""unknown-deepfake-creators""]","[""unknown-deepfake-technology-creators""]",1
"[""jeff-hancock""]","[""openai"",""chatgpt""]",1
"[""waymo""]","[""waymo""]",1
"[""waymo""]","[""waymo""]",1
"[""openai"",""chatgpt-users""]","[""openai"",""chatgpt""]",1
"[""unknown-deepfake-creators""]","[""unknown-deepfake-technology-developers""]",1
"[""google""]","[""google""]",1
"[""unknown-scammer""]","[""unknown-deepfake-technology-developer""]",1
"[""anthropic"",""google"",""meta"",""openai"",""mistral""]","[""anthropic"",""google"",""meta"",""openai"",""mistral""]",1
"[""dutch-police""]","[""unknown-traffic-enforcement-camera-technology-developer""]",1
"[""apple""]","[""apple""]",1
"[""pro-trump-social-media-accounts"",""maga-resource"",""ramble-rants"",""dilley-meme-team"",""x-(twitter)""]","[""unknown-deepfake-technology-developer""]",1
"[""character.ai""]","[""character.ai""]",1
"[""scammers"",""fraudsters""]","[""unknown-generative-ai-tools-creators""]",1
"[""fin7"",""carbon-spider"",""elbrus"",""sangria-tempest""]","[""fin7"",""carbon-spider"",""elbrus"",""sangria-tempest""]",1
"[""pro-new-patriotic-party-bot-network""]","[""openai""]",1
"[""unknown-reviewers""]","[""openai""]",1
"[""portland-water-bureau""]","[""portland-water-bureau""]",1
"[""tiktok""]","[""tiktok""]",1
"[""meeten"",""meetone"",""meetio"",""clusee"",""cuesee""]","[""meeten"",""meetone"",""meetio"",""clusee"",""cuesee""]",1
"[""elon4u.com-scammers""]","[""unknown-deepfake-technology-developer""]",1
"[""scammers""]","[""unknown-voice-synthesis-technology-developers"",""unknown-deepfake-technology-developers""]",1
"[""youtube"",""google""]","[""youtube"",""google""]",1
"[""unknown-deepfake-creators""]","[""unknown-deepfake-technology-developers""]",1
"[""quantum-ai-scammers""]","[""unknown-deepfake-technology-developers""]",1
"[""scammers"",""fraudsters""]","[""unknown-deepfake-technology-developers""]",1
"[""scammers"",""htmlnomani"",""fraudsters""]","[""unknown-deepfake-technology-developers""]",1
"[""scammers"",""alla-morgan""]","[""unknown-deepfake-technology-developer""]",1
"[""unknown-actors-in-china""]","[""unknown-deepfake-technology-developer""]",1
"[""scammers""]","[""unknown-deepfake-technology-developer""]",1
"[""waymo"",""serve-robotics""]","[""waymo"",""serve-robotics""]",1
"[""fable""]","[""openai"",""fable""]",1
"[""x-user-pdina"",""x-(twitter)-users""]","[""unknown-ai-graphic-tool-developer""]",1
"[""center-for-geopolitical-expertise-(cge)"",""valery-korovin"",""aleksandr-dugin"",""main-intelligence-directorate-(gru)""]","[""center-for-geopolitical-expertise-(cge)"",""valery-korovin"",""aleksandr-dugin"",""main-intelligence-directorate-(gru)""]",1
"[""meta""]","[""meta""]",1
"[""openai"",""matthew-livelsberger""]","[""openai""]",1
"[""richland-school-district-students""]","[""unknown-deepfake-technology-developer""]",1
"[""unknown-sydney-area-high-school-student""]","[""unknown-deepfake-technology-developers""]",1
"[""tesla""]","[""tesla""]",1
"[""social-media-users""]","[""unknown-ai-image-generator-technology-developers""]",1
"[""scammers""]","[""unknown-voice-cloning-technology-developer""]",1
"[""apple""]","[""apple""]",1
"[""stephen-kamnik""]","[""unknown-deepfake-technology-developer""]",1
"[""woodbourne-capital-management-international-lp"",""tribute-communities"",""the-rockport-group"",""tas-impact"",""riocan-living"",""rhapsody-property-management-services-llp"",""gwl-realty-advisors-residential-inc."",""first-capital-real-estate-investment-trust"",""edgar-development-corp."",""dream-unlimited-corp."",""core-development-group-ltd."",""choice-properties-real-estate-investment-trust"",""canadian-property-managers-using-yieldstar""]","[""realpage""]",1
"[""scammers"",""fraudsters""]","[""unknown-deepfake-technology-developer""]",1
"[""florence-kentucky-police-department"",""evansville-indiana-police-department"",""detroit-police-department"",""coral-springs-florida-police-department"",""bradenton-florida-police-department"",""austin-police-department""]","[""developers-of-mugshot-recognition-software"",""developers-of-law-enforcement-facial-recognition-software"",""clearview-ai""]",1
"[""funksec"",""scorpion"",""desertstorm"",""el_farado"",""blako"",""xtn"",""bjorka""]","[""funksec""]",1
"[""llmjacking-attackers-exploiting-laravel"",""entities-engaging-in-russian-sanctions-evasion""]","[""oai-reverse-proxy-tool-creators"",""llmjacking-reverse-proxy-tool-creators""]",1
"[""character.ai-users""]","[""character.ai""]",1
"[""character.ai-users""]","[""character.ai""]",1
"[""yahoo-boys"",""scammers-impersonating-brad-pitt"",""brouteurs""]","[""unknown-deepfake-technology-developers""]",1
"[""scammers"",""fraudsters""]","[""unknown-ai-voice-cloning-developer""]",1
"[""unknown-deepfake-creator""]","[""unknown-deepfake-technology-developer""]",1
"[""unknown-twitter-user""]","[""unknown-deepfake-technology-developer""]",1
"[""tiktok-scammers"",""scammers-posing-as-leonor-(princess-of-asturias)"",""fraudsters""]","[""unknown-deepfake-technology-developer""]",1
"[""cybercriminals""]","[""unnamed-ai-call-center-platform-provider""]",1
"[""scammers-posing-as-christopher-luxon"",""scammers""]","[""unknown-deepfake-technology-developer""]",1
"[""andrew-thomas-hayler""]","[""unknown-deepfake-technology-developer""]",1
"[""russian-entities-linked-to-gru"",""reliable-russian-news"",""matryoshka""]","[""unknown-deepfake-technology-developers""]",1
"[""unknown-scammers"",""unknown-fraudsters""]","[""unknown-deepfake-technology-developer""]",1
"[""yahoo-boys"",""scammers-in-nigeria"",""brouteurs""]","[""unknown-deepfake-technology-developers""]",1
"[""yahoo-boys"",""scammers-from-west-africa"",""scammers-from-nigeria"",""scammers-from-morocco"",""scammers-from-ghana"",""brouteurs""]","[""unknown-deepfake-technology-developers""]",1
"[""yahoo-boys"",""scammers-from-west-africa"",""scammers-from-nigeria"",""scammers-from-ghana"",""brouteurs""]","[""unknown-deepfake-technology-developers""]",1
"[""scammers"",""fraudsters"",""braziko""]","[""unknown-deepfake-technology-developer""]",1
"[""alaska-department-of-education-and-early-development"",""deena-bishop""]","[""unspecified-large-language-model-developers""]",1
"[""james-florence-jr.""]","[""crushon.ai"",""janitorai""]",1
"[""unknown-scammers-impersonating-whoopi-goldberg""]","[""unknown-deepfake-technology-developers""]",1
"[""thanawut-kanyaphan"",""ramil-pantawong"",""poipet-based-scam-gang""]","[""unknown-deepfake-technology-developers""]",1
"[""russian-linked-scam-network"",""td-globus-contract"",""m1-shop""]","[""unknown-deepfake-technology-developers"",""unknown-ai-voice-cloning-developers""]",1
"[""unknown-scammers-behind-the-trump-golden-eagles-scam"",""fraudulent-investment-scheme-operators"",""telegram-based-financial-scam-network""]","[""unknown-deepfake-technology-developers"",""unknown-ai-voice-cloning-developers""]",1
"[""hong-kong-based-deepfake-scam-syndicate""]","[""unknown-deepfake-technology-developers"",""unknown-ai-generated-image-creators""]",1
"[""scammers"",""fraudsters""]","[""unknown-voice-cloning-technology-developer""]",1
"[""scammers"",""fraudsters"",""unknown-scammers-impersonating-pierce-brosnan""]","[""unknown-deepfake-technology-developers""]",1
"[""scammers"",""fraudsters"",""scammers-impersonating-naga-munchetty""]","[""unknown-deepfake-technology-developers""]",1
